{
    "client_id": "client3",
    "round_id": 2,
    "n_models_ensemble": 6,
    "n_models_chunks": 6,
    "n_trees_chunks": 198,
    "n_trees_ensemble": 1200,
    "n_estimators_per_model": 200,
    "anomaly_rate_injection": 0.05,
    "precision": 0.6761168384879725,
    "recall": 0.9788557213930348,
    "f1": 0.7997967479674797,
    "threshold_local": -0.48287071357477795,
    "precision_global": 0.6768826619964974,
    "recall_global": 0.9614427860696517,
    "f1_global": 0.7944501541623844,
    "global_threshold_used": -0.49631176895041257,
    "exec_time_total": 6.6749842166900635,
    "n_train": 48255,
    "n_val": 16085,
    "n_test": 16086,
    "random_state_data": 12345,
    "random_state_model": 13345
}