{
    "client_id": "client1",
    "round_id": 2,
    "n_models_ensemble": 3,
    "n_models_chunks": 6,
    "n_trees_chunks": 96,
    "n_trees_ensemble": 300,
    "n_estimators_per_model": 100,
    "anomaly_rate_injection": 0.05,
    "precision": 0.7964601769911505,
    "recall": 0.8307692307692308,
    "f1": 0.8132530120481928,
    "threshold_local": -0.5786724795211426,
    "precision_global": 0.6574074074074074,
    "recall_global": 0.9830769230769231,
    "f1_global": 0.7879161528976573,
    "global_threshold_used": -0.49631176895041257,
    "exec_time_total": 5.87624716758728,
    "n_train": 39000,
    "n_val": 13000,
    "n_test": 13000,
    "random_state_data": 12345,
    "random_state_model": 13345
}