{
    "client_id": "client2",
    "round_id": 2,
    "n_models_ensemble": 6,
    "n_models_chunks": 6,
    "n_trees_chunks": 198,
    "n_trees_ensemble": 1200,
    "n_estimators_per_model": 200,
    "anomaly_rate_injection": 0.05,
    "precision": 0.6715116279069767,
    "recall": 0.9625,
    "f1": 0.791095890410959,
    "threshold_local": -0.5013824253839947,
    "precision_global": 0.6689059500959693,
    "recall_global": 0.9680555555555556,
    "f1_global": 0.7911464245175936,
    "global_threshold_used": -0.49631176895041257,
    "exec_time_total": 6.386044502258301,
    "n_train": 43200,
    "n_val": 14400,
    "n_test": 14400,
    "random_state_data": 12345,
    "random_state_model": 13345
}