{
    "client_id": "client3",
    "round_id": 1,
    "n_models_ensemble": 6,
    "n_models_chunks": 6,
    "n_trees_chunks": 198,
    "n_trees_ensemble": 1200,
    "n_estimators_per_model": 200,
    "anomaly_rate_injection": 0.05,
    "precision": 0.6726649528706083,
    "recall": 0.9763681592039801,
    "f1": 0.7965499746321664,
    "threshold_local": -0.48450710348695053,
    "precision_global": -1.0,
    "recall_global": -1.0,
    "f1_global": -1.0,
    "global_threshold_used": null,
    "exec_time_total": 6.487930059432983,
    "n_train": 48255,
    "n_val": 16085,
    "n_test": 16086,
    "random_state_data": 12345,
    "random_state_model": 12345
}