{
    "client_id": "client2",
    "round_id": 1,
    "n_models_ensemble": 3,
    "n_models_chunks": 6,
    "n_trees_chunks": 96,
    "n_trees_ensemble": 300,
    "n_estimators_per_model": 100,
    "anomaly_rate_injection": 0.05,
    "precision": 0.6695906432748538,
    "recall": 0.9541666666666667,
    "f1": 0.7869415807560137,
    "threshold_local": -0.5063479235017778,
    "precision_global": -1.0,
    "recall_global": -1.0,
    "f1_global": -1.0,
    "global_threshold_used": null,
    "exec_time_total": 5.894923210144043,
    "n_train": 43200,
    "n_val": 14400,
    "n_test": 14400,
    "random_state_data": 12345,
    "random_state_model": 12345
}